<?xml version="1.0" encoding="UTF-8"?>

<!-- $Id: jbossmq-destinations-service.xml,v 1.2 2002/05/04 03:07:49 chirino Exp $ -->

<!-- 
   | This file defines the default Queues and Topics that JBossMQ
   | ships with.  The default Queues and Topics are used by the 
   | JBoss test suite and by the sample jms programs.
   |
   | You can add other destinations to this file, or you can create other
   | *-service.xml files to contain your application's destinations.
 -->

<server>
  <!-- Destination without a configured SecurityManager or without a 
       a SecurityConf will default to role guest with read=true, write=true,
       create=false.
  -->
  <mbean code="org.jboss.mq.server.jmx.Topic"
	 name="jboss.mq.destination:service=Topic,name=testTopic">
    <depends optional-attribute-name="DestinationManager">jboss.mq:service=DestinationManager</depends>
    <depends optional-attribute-name="SecurityManager">jboss.mq:service=SecurityManager</depends>
    <attribute name="SecurityConf">
      <security>
        <role name="guest" read="true" write="true"/>
        <role name="publisher" read="true" write="true" create="false"/>
        <role name="durpublisher" read="true" write="true" create="true"/>
      </security>
    </attribute>
  </mbean>

  <mbean code="org.jboss.mq.server.jmx.Topic"
	 name="jboss.mq.destination:service=Topic,name=securedTopic">
    <depends optional-attribute-name="DestinationManager">jboss.mq:service=DestinationManager</depends>
    <depends optional-attribute-name="SecurityManager">jboss.mq:service=SecurityManager</depends>
    <attribute name="SecurityConf">
      <security>
        <role name="publisher" read="true" write="true" create="false"/>
      </security>
    </attribute>
  </mbean>

  <mbean code="org.jboss.mq.server.jmx.Topic"
	 name="jboss.mq.destination:service=Topic,name=testDurableTopic">
    <depends optional-attribute-name="DestinationManager">jboss.mq:service=DestinationManager</depends>
    <depends optional-attribute-name="SecurityManager">jboss.mq:service=SecurityManager</depends>
    <attribute name="SecurityConf">
       <security>
         <role name="guest" read="true" write="true"/>
         <role name="publisher" read="true" write="true" create="false"/>
         <role name="durpublisher" read="true" write="true" create="true"/>
      </security>
    </attribute>
  </mbean>

  <mbean code="org.jboss.mq.server.jmx.Queue"
	 name="jboss.mq.destination:service=Queue,name=testQueue">
    <depends optional-attribute-name="DestinationManager">jboss.mq:service=DestinationManager</depends>
    <depends optional-attribute-name="SecurityManager">jboss.mq:service=SecurityManager</depends>
    <attribute name="SecurityConf">
      <security>
        <role name="guest" read="true" write="true"/>
        <role name="publisher" read="true" write="true" create="false"/>
        <role name="noacc" read="false" write="false" create="false"/>
      </security>
    </attribute>
  </mbean>
  <mbean code="org.jboss.mq.server.jmx.Queue"
	 name="jboss.mq.destination:service=Queue,name=A">
    <depends optional-attribute-name="DestinationManager">jboss.mq:service=DestinationManager</depends>
  </mbean>
  <mbean code="org.jboss.mq.server.jmx.Queue"
	 name="jboss.mq.destination:service=Queue,name=B">
    <depends optional-attribute-name="DestinationManager">jboss.mq:service=DestinationManager</depends>
  </mbean>
  <mbean code="org.jboss.mq.server.jmx.Queue"
	 name="jboss.mq.destination:service=Queue,name=C">
	 <depends optional-attribute-name="DestinationManager">jboss.mq:service=DestinationManager</depends>
  </mbean>
  <mbean code="org.jboss.mq.server.jmx.Queue"
	 name="jboss.mq.destination:service=Queue,name=D">
    <depends optional-attribute-name="DestinationManager">jboss.mq:service=DestinationManager</depends>
  </mbean>
  <mbean code="org.jboss.mq.server.jmx.Queue"
	 name="jboss.mq.destination:service=Queue,name=ex">
    <depends optional-attribute-name="DestinationManager">jboss.mq:service=DestinationManager</depends>
  </mbean>
  <mbean code="org.jboss.mq.server.jmx.Queue"
	 name="jboss.mq.destination:service=Queue,name=ReportGeneratorMD">
    <depends optional-attribute-name="DestinationManager">jboss.mq:service=DestinationManager</depends>
  </mbean>
  <mbean code="org.jboss.mq.server.jmx.Queue"
	 name="jboss.mq.destination:service=Queue,name=UpdateMessage">
    <depends optional-attribute-name="DestinationManager">jboss.mq:service=DestinationManager</depends>
  </mbean>
  <mbean code="org.jboss.mq.server.jmx.Queue"
	 name="jboss.mq.destination:service=Queue,name=SystemEventReceiver">
    <depends optional-attribute-name="DestinationManager">jboss.mq:service=DestinationManager</depends>
  </mbean>
</server>
