<?xml version="1.0"?>

<!DOCTYPE ejb-jar PUBLIC
      "-//Sun Microsystems, Inc.//DTD Enterprise JavaBeans 2.0//EN"
      "http://java.sun.com/dtd/ejb-jar_2_0.dtd">

<ejb-jar>
    <enterprise-beans>
        <entity>
            <ejb-name>ClusteredHTTPSession</ejb-name>
            <home>org.jboss.ha.httpsession.beanimpl.interfaces.ClusteredHTTPSessionHome</home>
            <remote>org.jboss.ha.httpsession.beanimpl.interfaces.ClusteredHTTPSession</remote>
            <local-home>org.jboss.ha.httpsession.beanimpl.interfaces.LocalClusteredHTTPSessionHome</local-home>
            <local>org.jboss.ha.httpsession.beanimpl.interfaces.LocalClusteredHTTPSession</local>
            <ejb-class>org.jboss.ha.httpsession.beanimpl.ejb.ClusteredHTTPSessionBeanCmp11</ejb-class>
            <persistence-type>Container</persistence-type>
            <prim-key-class>java.lang.String</prim-key-class>
            <reentrant>False</reentrant>
            <cmp-version>1.x</cmp-version>
            <abstract-schema-name>ClusteredHTTPSession</abstract-schema-name>
            <cmp-field><field-name>id</field-name></cmp-field>
            <cmp-field><field-name>serializedSession</field-name></cmp-field>
            <cmp-field><field-name>lastAccessTime</field-name></cmp-field>
            <cmp-field><field-name>creationTime</field-name></cmp-field>
            <primkey-field>id</primkey-field>
        </entity>
    </enterprise-beans>
    <assembly-descriptor>
        <container-transaction>
            <description>Don't really care because of our persistent store constraints</description>
            <method>
                <ejb-name>ClusteredHTTPSession</ejb-name>
                <method-name>*</method-name>
            </method>
            <trans-attribute>Supports</trans-attribute>
        </container-transaction>
    </assembly-descriptor>
</ejb-jar>

