<?xml version="1.0" encoding="UTF-8"?>

<!-- ===================================================================== -->
<!--                                                                       -->
<!--  JBoss Server Configuration                                           -->
<!--                                                                       -->
<!-- ===================================================================== -->

<!-- $Id: db2-ds.xml,v 1.1 2002/07/22 22:57:24 d_jencks Exp $ -->


<datasources>
  <local-tx-datasource>
    <jndi-name>DB2DS</jndi-name>
    <connection-url>jdbc:db2:yourdatabase</connection-url>
    <driver-class>COM.ibm.db2.jdbc.app.DB2Driver</driver-class>
    <user-name>x</user-name>
    <password>y</password>
    <min-pool-size>0</min-pool-size>
  </local-tx-datasource>

</datasources>
