<?xml version="1.0" encoding="UTF-8"?>

<connection-factories>
 
  <!-- ==================================================================== -->
  <!-- JMS Stuff                                                            -->
  <!-- ==================================================================== -->

  <!-- The JMS provider loader -->
  <mbean code="org.jboss.jms.jndi.JMSProviderLoader"
	 name="jboss.mq:service=JMSProviderLoader,name=JBossMQProvider">
    <attribute name="ProviderName">DefaultJMSProvider</attribute>
    <attribute name="ProviderAdapterClass">
      org.jboss.jms.jndi.JBossMQProvider
    </attribute>
    <attribute name="QueueFactoryRef">java:/XAConnectionFactory</attribute>
    <attribute name="TopicFactoryRef">java:/XAConnectionFactory</attribute>
  </mbean>

  <!-- The server session pool for Message Driven Beans -->
  <mbean code="org.jboss.jms.asf.ServerSessionPoolLoader"
	 name="jboss.mq:service=ServerSessionPoolMBean,name=StdJMSPool">
    <depends optional-attribute-name="XidFactory">jboss:service=XidFactory</depends>
    <attribute name="PoolName">StdJMSPool</attribute>
    <attribute name="PoolFactoryClass">
      org.jboss.jms.asf.StdServerSessionPoolFactory
    </attribute>
  </mbean>

  <!-- JMS XA Resource adapter, use this to get transacted JMS in beans -->

  <tx-connection-factory>

    <jndi-name>JmsXA</jndi-name>

    <xa-transaction/>

    <adapter-display-name>JMS Adapter</adapter-display-name>

    <config-property name="SessionDefaultType" type="java.lang.String">javax.jms.Topic</config-property>

    <security-domain>JmsXARealm</security-domain>

  </tx-connection-factory>

</connection-factories>
