<?xml version="1.0" encoding="UTF-8"?>

<!-- ===================================================================== -->
<!--                                                                       -->
<!--  JBoss Server Configuration                                           -->
<!--                                                                       -->
<!-- ===================================================================== -->

<!-- $Id: mysql-ds.xml,v 1.1 2002/07/22 22:57:24 d_jencks Exp $ -->
<!-- ==================================================================== -->
<!--  Datasource config for MySQL using 2.0.11 driver                     -->
<!-- ==================================================================== -->


<datasources>
  <local-tx-datasource>
    <jndi-name>MySqlDS</jndi-name>
    <connection-url>jdbc:mysql://dell:3306/jbossdb</connection-url>
    <driver-class>org.gjt.mm.mysql.Driver</driver-class>
    <user-name>x</user-name>
    <password>y</password>
  </local-tx-datasource>

</datasources>
