<?xml version = "1.0" encoding = "UTF-8"?>
<id-map>
	<entry path = "e:jboss" id = "comp00001" width = "242" height = "318"/>
	<entry path = "e:loader-repository" id = "comp00002" width = "298" height = "81"/>
	<entry path = "e:loader-repository/a:loaderRepositoryClass" id = "comp00003" width = "148" height = "38"/>
	<entry path = "e:loader-repository-config" id = "comp00004" width = "300" height = "48"/>
	<entry path = "e:loader-repository-config/a:configParserClass" id = "comp00005" width = "127" height = "38"/>
	<entry path = "e:jmx-name" id = "comp00006" width = "80" height = "38"/>
	<entry path = "e:enforce-ejb-restrictions" id = "comp00007" width = "138" height = "38"/>
	<entry path = "e:security-domain" id = "comp00008" width = "107" height = "38"/>
	<entry path = "e:unauthenticated-principal" id = "comp00009" width = "154" height = "38"/>
	<entry path = "e:invoker-proxy-bindings" id = "comp00010" width = "302" height = "38"/>
	<entry path = "e:invoker-proxy-binding" id = "comp00011" width = "289" height = "143"/>
	<entry path = "e:name" id = "comp00012" width = "60" height = "38"/>
	<entry path = "e:invoker-mbean" id = "comp00013" width = "102" height = "38"/>
	<entry path = "e:proxy-factory" id = "comp00014" width = "92" height = "38"/>
	<entry path = "e:proxy-factory-config" id = "comp00015" width = "333" height = "353"/>
	<entry path = "e:JMSProviderAdapterJNDI" id = "comp00016" width = "152" height = "38"/>
	<entry path = "e:ServerSessionPoolFactoryJNDI" id = "comp00017" width = "177" height = "38"/>
	<entry path = "e:MaxMessages" id = "comp00018" width = "98" height = "38"/>
	<entry path = "e:MDBConfig" id = "comp00019" width = "255" height = "73"/>
	<entry path = "e:ReconnectIntervalSec" id = "comp00020" width = "136" height = "38"/>
	<entry path = "e:DLQConfig" id = "comp00021" width = "256" height = "108"/>
	<entry path = "e:DestinationQueue" id = "comp00022" width = "118" height = "38"/>
	<entry path = "e:MaxTimesRedelivered" id = "comp00023" width = "139" height = "38"/>
	<entry path = "e:TimeToLive" id = "comp00024" width = "91" height = "38"/>
	<entry path = "e:poa" id = "comp00025" width = "51" height = "38"/>
	<entry path = "e:register-ejbs-in-jnp-context" id = "comp00026" width = "156" height = "38"/>
	<entry path = "e:jnp-context" id = "comp00027" width = "85" height = "38"/>
	<entry path = "e:enterprise-beans" id = "comp00028" width = "260" height = "108"/>
	<entry path = "e:entity" id = "comp00029" width = "243" height = "563"/>
	<entry path = "e:session" id = "comp00030" width = "223" height = "458"/>
	<entry path = "e:message-driven" id = "comp00031" width = "274" height = "458"/>
	<entry path = "e:ejb-name" id = "comp00032" width = "78" height = "38"/>
	<entry path = "e:jndi-name" id = "comp00033" width = "81" height = "38"/>
	<entry path = "e:local-jndi-name" id = "comp00034" width = "107" height = "38"/>
	<entry path = "e:read-only" id = "comp00035" width = "77" height = "38"/>
	<entry path = "e:configuration-name" id = "comp00036" width = "125" height = "38"/>
	<entry path = "e:depends" id = "comp00037" width = "73" height = "38"/>
	<entry path = "e:destination-jndi-name" id = "comp00038" width = "136" height = "38"/>
	<entry path = "e:mdb-user" id = "comp00039" width = "76" height = "38"/>
	<entry path = "e:mdb-passwd" id = "comp00040" width = "90" height = "38"/>
	<entry path = "e:mdb-client-id" id = "comp00041" width = "95" height = "38"/>
	<entry path = "e:mdb-subscription-id" id = "comp00042" width = "124" height = "38"/>
	<entry path = "e:security-proxy" id = "comp00043" width = "96" height = "38"/>
	<entry path = "e:ejb-ref" id = "comp00044" width = "188" height = "73"/>
	<entry path = "e:ejb-ref-name" id = "comp00045" width = "93" height = "38"/>
	<entry path = "e:resource-env-ref" id = "comp00046" width = "276" height = "73"/>
	<entry path = "e:resource-env-ref-name" id = "comp00047" width = "137" height = "38"/>
	<entry path = "e:method-attributes" id = "comp00048" width = "216" height = "38"/>
	<entry path = "e:method" id = "comp00049" width = "200" height = "108"/>
	<entry path = "e:method-name" id = "comp00050" width = "99" height = "38"/>
	<entry path = "e:idempotent" id = "comp00051" width = "87" height = "38"/>
	<entry path = "e:clustered" id = "comp00052" width = "75" height = "38"/>
	<entry path = "e:cluster-config" id = "comp00053" width = "314" height = "143"/>
	<entry path = "e:partition-name" id = "comp00054" width = "102" height = "38"/>
	<entry path = "e:home-load-balance-policy" id = "comp00055" width = "156" height = "38"/>
	<entry path = "e:bean-load-balance-policy" id = "comp00056" width = "153" height = "38"/>
	<entry path = "e:cache-invalidation" id = "comp00057" width = "120" height = "38"/>
	<entry path = "e:cache-invalidation-config" id = "comp00058" width = "348" height = "73"/>
	<entry path = "e:invalidation-group-name" id = "comp00059" width = "149" height = "38"/>
	<entry path = "e:invalidation-manager-name" id = "comp00060" width = "164" height = "38"/>
	<entry path = "e:session-state-manager-jndi-name" id = "comp00061" width = "187" height = "38"/>
	<entry path = "e:resource-ref" id = "comp00062" width = "263" height = "143"/>
	<entry path = "e:res-ref-name" id = "comp00063" width = "91" height = "38"/>
	<entry path = "e:resource-name" id = "comp00064" width = "102" height = "38"/>
	<entry path = "e:resource-managers" id = "comp00065" width = "270" height = "38"/>
	<entry path = "e:resource-manager" id = "comp00066" width = "288" height = "108"/>
	<entry path = "e:res-name" id = "comp00067" width = "76" height = "38"/>
	<entry path = "e:res-jndi-name" id = "comp00068" width = "97" height = "38"/>
	<entry path = "e:res-url" id = "comp00069" width = "61" height = "38"/>
	<entry path = "e:container-configurations" id = "comp00070" width = "320" height = "38"/>
	<entry path = "e:container-configuration" id = "comp00071" width = "337" height = "641"/>
	<entry path = "e:container-configuration/a:extends" id = "comp00072" width = "81" height = "38"/>
	<entry path = "e:container-name" id = "comp00073" width = "107" height = "38"/>
	<entry path = "e:call-logging" id = "comp00074" width = "89" height = "38"/>
	<entry path = "e:invoker-bindings" id = "comp00075" width = "207" height = "38"/>
	<entry path = "e:invoker" id = "comp00076" width = "261" height = "108"/>
	<entry path = "e:invoker-proxy-binding-name" id = "comp00077" width = "163" height = "38"/>
	<entry path = "e:sync-on-commit-only" id = "comp00078" width = "129" height = "38"/>
	<entry path = "e:container-interceptors" id = "comp00079" width = "249" height = "38"/>
	<entry path = "e:client-interceptors" id = "comp00080" width = "223" height = "108"/>
	<entry path = "e:home" id = "comp00081" width = "175" height = "38"/>
	<entry path = "e:bean" id = "comp00082" width = "172" height = "38"/>
	<entry path = "e:list-entity" id = "comp00083" width = "190" height = "38"/>
	<entry path = "e:interceptor" id = "comp00084" width = "322" height = "48"/>
	<entry path = "e:interceptor/a:transaction" id = "comp00085" width = "96" height = "38"/>
	<entry path = "e:interceptor/a:metricsEnabled" id = "comp00086" width = "118" height = "38"/>
	<entry path = "e:instance-pool" id = "comp00087" width = "96" height = "38"/>
	<entry path = "e:instance-cache" id = "comp00088" width = "103" height = "38"/>
	<entry path = "e:persistence-manager" id = "comp00089" width = "130" height = "38"/>
	<entry path = "e:locking-policy" id = "comp00090" width = "97" height = "38"/>
	<entry path = "e:web-class-loader" id = "comp00091" width = "110" height = "38"/>
	<entry path = "e:container-cache-conf" id = "comp00092" width = "278" height = "73"/>
	<entry path = "e:cache-policy" id = "comp00093" width = "92" height = "38"/>
	<entry path = "e:cache-policy-conf" id = "comp00094" width = "287" height = "353"/>
	<entry path = "e:min-capacity" id = "comp00095" width = "93" height = "38"/>
	<entry path = "e:max-capacity" id = "comp00096" width = "95" height = "38"/>
	<entry path = "e:overager-period" id = "comp00097" width = "107" height = "38"/>
	<entry path = "e:remover-period" id = "comp00098" width = "104" height = "38"/>
	<entry path = "e:max-bean-life" id = "comp00099" width = "98" height = "38"/>
	<entry path = "e:resizer-period" id = "comp00100" width = "96" height = "38"/>
	<entry path = "e:max-bean-age" id = "comp00101" width = "101" height = "38"/>
	<entry path = "e:max-cache-miss-period" id = "comp00102" width = "140" height = "38"/>
	<entry path = "e:min-cache-miss-period" id = "comp00103" width = "138" height = "38"/>
	<entry path = "e:cache-load-factor" id = "comp00104" width = "114" height = "38"/>
	<entry path = "e:container-pool-conf" id = "comp00105" width = "278" height = "143"/>
	<entry path = "e:MinimumSize" id = "comp00106" width = "99" height = "38"/>
	<entry path = "e:MaximumSize" id = "comp00107" width = "101" height = "38"/>
	<entry path = "e:strictMaximumSize" id = "comp00108" width = "122" height = "38"/>
	<entry path = "e:strictTimeout" id = "comp00109" width = "94" height = "38"/>
	<entry path = "e:commit-option" id = "comp00110" width = "101" height = "38"/>
	<entry path = "e:optiond-refresh-rate" id = "comp00111" width = "124" height = "38"/>
</id-map>