<?xml version="1.0" encoding="UTF-8"?>
<!DOCTYPE jboss PUBLIC
   "-//JBoss//DTD JBOSS 3.2//EN"
   "http://www.jboss.org/j2ee/dtd/jboss_3_2.dtd">

<!-- ===================================================================== -->
<!--  Standard JBoss EJB Configurations                                    -->
<!-- ===================================================================== -->
<!-- $Id: standardjboss.xml,v 1.47.2.10 2003/04/30 16:16:48 starksm Exp $ -->

<jboss>
   <enforce-ejb-restrictions>false</enforce-ejb-restrictions>

   <invoker-proxy-bindings>
      <invoker-proxy-binding>
         <name>entity-rmi-invoker</name>
         <invoker-mbean>jboss:service=invoker,type=jrmp</invoker-mbean>
         <proxy-factory>org.jboss.proxy.ejb.ProxyFactory</proxy-factory>
         <proxy-factory-config>
            <client-interceptors>
               <home>
                  <interceptor>org.jboss.proxy.ejb.HomeInterceptor</interceptor>
                  <interceptor>org.jboss.proxy.SecurityInterceptor</interceptor>
                  <interceptor>org.jboss.proxy.TransactionInterceptor</interceptor>
                  <interceptor>org.jboss.invocation.InvokerInterceptor</interceptor>
               </home>
               <bean>
                  <interceptor>org.jboss.proxy.ejb.EntityInterceptor</interceptor>
                  <interceptor>org.jboss.proxy.SecurityInterceptor</interceptor>
                  <interceptor>org.jboss.proxy.TransactionInterceptor</interceptor>
                  <interceptor>org.jboss.invocation.InvokerInterceptor</interceptor>
               </bean>
               <list-entity>
                  <interceptor>org.jboss.proxy.ejb.ListEntityInterceptor</interceptor>
                  <interceptor>org.jboss.proxy.SecurityInterceptor</interceptor>
                  <interceptor>org.jboss.proxy.TransactionInterceptor</interceptor>
                  <interceptor>org.jboss.invocation.InvokerInterceptor</interceptor>
               </list-entity>
            </client-interceptors>
         </proxy-factory-config>
      </invoker-proxy-binding>
      <invoker-proxy-binding>
         <name>clustered-entity-rmi-invoker</name>
         <invoker-mbean>jboss:service=invoker,type=jrmpha</invoker-mbean>
         <proxy-factory>org.jboss.proxy.ejb.ProxyFactoryHA</proxy-factory>
         <proxy-factory-config>
            <client-interceptors>
               <home>
                  <interceptor>org.jboss.proxy.ejb.HomeInterceptor</interceptor>
                  <interceptor>org.jboss.proxy.SecurityInterceptor</interceptor>
                  <interceptor>org.jboss.proxy.TransactionInterceptor</interceptor>
                  <interceptor>org.jboss.invocation.InvokerInterceptor</interceptor>
               </home>
               <bean>
                  <interceptor>org.jboss.proxy.ejb.EntityInterceptor</interceptor>
                  <interceptor>org.jboss.proxy.SecurityInterceptor</interceptor>
                  <interceptor>org.jboss.proxy.TransactionInterceptor</interceptor>
                  <interceptor>org.jboss.invocation.InvokerInterceptor</interceptor>
               </bean>
               <list-entity>
                  <interceptor>org.jboss.proxy.ejb.ListEntityInterceptor</interceptor>
                  <interceptor>org.jboss.proxy.SecurityInterceptor</interceptor>
                  <interceptor>org.jboss.proxy.TransactionInterceptor</interceptor>
                  <interceptor>org.jboss.invocation.InvokerInterceptor</interceptor>
               </list-entity>
            </client-interceptors>
         </proxy-factory-config>
      </invoker-proxy-binding>
      <invoker-proxy-binding>
         <name>stateless-rmi-invoker</name>
         <invoker-mbean>jboss:service=invoker,type=jrmp</invoker-mbean>
         <proxy-factory>org.jboss.proxy.ejb.ProxyFactory</proxy-factory>
         <proxy-factory-config>
            <client-interceptors>
               <home>
                  <interceptor>org.jboss.proxy.ejb.HomeInterceptor</interceptor>
                  <interceptor>org.jboss.proxy.SecurityInterceptor</interceptor>
                  <interceptor>org.jboss.proxy.TransactionInterceptor</interceptor>
                  <interceptor>org.jboss.invocation.InvokerInterceptor</interceptor>
               </home>
               <bean>
                  <interceptor>org.jboss.proxy.ejb.StatelessSessionInterceptor</interceptor>
                  <interceptor>org.jboss.proxy.SecurityInterceptor</interceptor>
                  <interceptor>org.jboss.proxy.TransactionInterceptor</interceptor>
                  <interceptor>org.jboss.invocation.InvokerInterceptor</interceptor>
               </bean>
            </client-interceptors>
         </proxy-factory-config>
      </invoker-proxy-binding>
      <invoker-proxy-binding>
         <name>clustered-stateless-rmi-invoker</name>
         <invoker-mbean>jboss:service=invoker,type=jrmpha</invoker-mbean>
         <proxy-factory>org.jboss.proxy.ejb.ProxyFactoryHA</proxy-factory>
         <proxy-factory-config>
            <client-interceptors>
               <home>
                  <interceptor>org.jboss.proxy.ejb.HomeInterceptor</interceptor>
                  <interceptor>org.jboss.proxy.SecurityInterceptor</interceptor>
                  <interceptor>org.jboss.proxy.TransactionInterceptor</interceptor>
                  <interceptor>org.jboss.invocation.InvokerInterceptor</interceptor>
               </home>
               <bean>
                  <interceptor>org.jboss.proxy.ejb.StatelessSessionInterceptor</interceptor>
                  <interceptor>org.jboss.proxy.SecurityInterceptor</interceptor>
                  <interceptor>org.jboss.proxy.TransactionInterceptor</interceptor>
                  <interceptor>org.jboss.invocation.InvokerInterceptor</interceptor>
               </bean>
            </client-interceptors>
         </proxy-factory-config>
      </invoker-proxy-binding>
      <invoker-proxy-binding>
         <name>stateful-rmi-invoker</name>
         <invoker-mbean>jboss:service=invoker,type=jrmp</invoker-mbean>
         <proxy-factory>org.jboss.proxy.ejb.ProxyFactory</proxy-factory>
         <proxy-factory-config>
            <client-interceptors>
               <home>
                  <interceptor>org.jboss.proxy.ejb.HomeInterceptor</interceptor>
                  <interceptor>org.jboss.proxy.SecurityInterceptor</interceptor>
                  <interceptor>org.jboss.proxy.TransactionInterceptor</interceptor>
                  <interceptor>org.jboss.invocation.InvokerInterceptor</interceptor>
               </home>
               <bean>
                  <interceptor>org.jboss.proxy.ejb.StatefulSessionInterceptor</interceptor>
                  <interceptor>org.jboss.proxy.SecurityInterceptor</interceptor>
                  <interceptor>org.jboss.proxy.TransactionInterceptor</interceptor>
                  <interceptor>org.jboss.invocation.InvokerInterceptor</interceptor>
               </bean>
            </client-interceptors>
         </proxy-factory-config>
      </invoker-proxy-binding>
      <invoker-proxy-binding>
         <name>clustered-stateful-rmi-invoker</name>
         <invoker-mbean>jboss:service=invoker,type=jrmpha</invoker-mbean>
         <proxy-factory>org.jboss.proxy.ejb.ProxyFactoryHA</proxy-factory>
         <proxy-factory-config>
            <client-interceptors>
               <home>
                  <interceptor>org.jboss.proxy.ejb.HomeInterceptor</interceptor>
                  <interceptor>org.jboss.proxy.SecurityInterceptor</interceptor>
                  <interceptor>org.jboss.proxy.TransactionInterceptor</interceptor>
                  <interceptor>org.jboss.invocation.InvokerInterceptor</interceptor>
               </home>
               <bean>
                  <interceptor>org.jboss.proxy.ejb.StatefulSessionInterceptor</interceptor>
                  <interceptor>org.jboss.proxy.SecurityInterceptor</interceptor>
                  <interceptor>org.jboss.proxy.TransactionInterceptor</interceptor>
                  <interceptor>org.jboss.invocation.InvokerInterceptor</interceptor>
               </bean>
            </client-interceptors>
         </proxy-factory-config>
      </invoker-proxy-binding>
      <invoker-proxy-binding>
         <name>message-driven-bean</name>
         <invoker-mbean>default</invoker-mbean>
         <proxy-factory>org.jboss.ejb.plugins.jms.JMSContainerInvoker</proxy-factory>
         <proxy-factory-config>
            <JMSProviderAdapterJNDI>DefaultJMSProvider</JMSProviderAdapterJNDI>
            <ServerSessionPoolFactoryJNDI>StdJMSPool</ServerSessionPoolFactoryJNDI>
            <MaximumSize>15</MaximumSize>
            <MaxMessages>1</MaxMessages>
            <MDBConfig>
               <ReconnectIntervalSec>10</ReconnectIntervalSec>
               <DLQConfig>
                  <DestinationQueue>queue/DLQ</DestinationQueue>
                  <MaxTimesRedelivered>0</MaxTimesRedelivered>
                  <TimeToLive>0</TimeToLive>
               </DLQConfig>
            </MDBConfig>
         </proxy-factory-config>
      </invoker-proxy-binding>
      <invoker-proxy-binding>
         <name>iiop</name>
         <invoker-mbean>jboss:service=invoker,type=iiop</invoker-mbean>
         <proxy-factory>org.jboss.proxy.ejb.IORFactory</proxy-factory>
         <proxy-factory-config>
            <web-class-loader>org.jboss.iiop.WebCL</web-class-loader>
            <poa>per-servant</poa>
            <register-ejbs-in-jnp-context>true</register-ejbs-in-jnp-context>
            <jnp-context>iiop</jnp-context>
            <JMSProviderAdapterJNDI>DefaultJMSProvider</JMSProviderAdapterJNDI>
            <ServerSessionPoolFactoryJNDI>StdJMSPool</ServerSessionPoolFactoryJNDI>
            <MaximumSize>15</MaximumSize>
            <MaxMessages>1</MaxMessages>
            <MDBConfig>
               <ReconnectIntervalSec>10</ReconnectIntervalSec>
               <DLQConfig>
                  <DestinationQueue>queue/DLQ</DestinationQueue>
                  <MaxTimesRedelivered>10</MaxTimesRedelivered>
                  <TimeToLive>0</TimeToLive>
               </DLQConfig>
            </MDBConfig>
         </proxy-factory-config>
      </invoker-proxy-binding>
   </invoker-proxy-bindings>

   <container-configurations>

      <container-configuration>
         <container-name>Standard CMP 2.x EntityBean</container-name>
         <call-logging>false</call-logging>
         <invoker-proxy-binding-name>entity-rmi-invoker</invoker-proxy-binding-name>
         <sync-on-commit-only>false</sync-on-commit-only>
         <container-interceptors>
            <interceptor>org.jboss.ejb.plugins.ProxyFactoryFinderInterceptor</interceptor>
            <interceptor>org.jboss.ejb.plugins.LogInterceptor</interceptor>
            <interceptor>org.jboss.ejb.plugins.SecurityInterceptor</interceptor>
            <interceptor>org.jboss.ejb.plugins.TxInterceptorCMT</interceptor>
            <interceptor metricsEnabled="true">org.jboss.ejb.plugins.MetricsInterceptor</interceptor>
            <interceptor>org.jboss.ejb.plugins.EntityCreationInterceptor</interceptor>
            <interceptor>org.jboss.ejb.plugins.EntityLockInterceptor</interceptor>
            <interceptor>org.jboss.ejb.plugins.EntityInstanceInterceptor</interceptor>
            <interceptor>org.jboss.ejb.plugins.EntityReentranceInterceptor</interceptor>
            <interceptor>org.jboss.resource.connectionmanager.CachedConnectionInterceptor</interceptor>
            <interceptor>org.jboss.ejb.plugins.EntitySynchronizationInterceptor</interceptor>
            <interceptor>org.jboss.ejb.plugins.cmp.jdbc.JDBCRelationInterceptor</interceptor>
         </container-interceptors>
         <instance-pool>org.jboss.ejb.plugins.EntityInstancePool</instance-pool>
         <instance-cache>org.jboss.ejb.plugins.InvalidableEntityInstanceCache</instance-cache>
         <persistence-manager>org.jboss.ejb.plugins.cmp.jdbc.JDBCStoreManager</persistence-manager>
         <locking-policy>org.jboss.ejb.plugins.lock.QueuedPessimisticEJBLock</locking-policy>
         <container-cache-conf>
            <cache-policy>org.jboss.ejb.plugins.LRUEnterpriseContextCachePolicy</cache-policy>
            <cache-policy-conf>
               <min-capacity>50</min-capacity>
               <max-capacity>1000000</max-capacity>
               <overager-period>300</overager-period>
               <max-bean-age>600</max-bean-age>
               <resizer-period>400</resizer-period>
               <max-cache-miss-period>60</max-cache-miss-period>
               <min-cache-miss-period>1</min-cache-miss-period>
               <cache-load-factor>0.75</cache-load-factor>
            </cache-policy-conf>
         </container-cache-conf>
         <container-pool-conf>
            <MaximumSize>100</MaximumSize>
         </container-pool-conf>
         <commit-option>B</commit-option>
      </container-configuration>

      <container-configuration>
         <container-name>Clustered CMP 2.x EntityBean</container-name>
         <call-logging>false</call-logging>
         <invoker-proxy-binding-name>clustered-entity-rmi-invoker</invoker-proxy-binding-name>
         <sync-on-commit-only>false</sync-on-commit-only>
         <container-interceptors>
            <interceptor>org.jboss.ejb.plugins.ProxyFactoryFinderInterceptor</interceptor>
            <interceptor>org.jboss.ejb.plugins.CleanShutdownInterceptor</interceptor>
            <interceptor>org.jboss.ejb.plugins.LogInterceptor</interceptor>
            <interceptor>org.jboss.ejb.plugins.SecurityInterceptor</interceptor>
            <interceptor>org.jboss.ejb.plugins.TxInterceptorCMT</interceptor>
            <interceptor metricsEnabled="true">org.jboss.ejb.plugins.MetricsInterceptor</interceptor>
            <interceptor>org.jboss.ejb.plugins.EntityCreationInterceptor</interceptor>
            <interceptor>org.jboss.ejb.plugins.EntityLockInterceptor</interceptor>
            <interceptor>org.jboss.ejb.plugins.EntityInstanceInterceptor</interceptor>
            <interceptor>org.jboss.ejb.plugins.EntityReentranceInterceptor</interceptor>
            <interceptor>org.jboss.resource.connectionmanager.CachedConnectionInterceptor</interceptor>
            <interceptor>org.jboss.ejb.plugins.EntitySynchronizationInterceptor</interceptor>
            <interceptor>org.jboss.ejb.plugins.cmp.jdbc.JDBCRelationInterceptor</interceptor>
         </container-interceptors>
         <instance-pool>org.jboss.ejb.plugins.EntityInstancePool</instance-pool>
         <instance-cache>org.jboss.ejb.plugins.EntityInstanceCache</instance-cache>
         <persistence-manager>org.jboss.ejb.plugins.cmp.jdbc.JDBCStoreManager</persistence-manager>
         <locking-policy>org.jboss.ejb.plugins.lock.QueuedPessimisticEJBLock</locking-policy>
         <container-cache-conf>
            <cache-policy>org.jboss.ejb.plugins.LRUEnterpriseContextCachePolicy</cache-policy>
            <cache-policy-conf>
               <min-capacity>50</min-capacity>
               <max-capacity>1000000</max-capacity>
               <overager-period>300</overager-period>
               <max-bean-age>600</max-bean-age>
               <resizer-period>400</resizer-period>
               <max-cache-miss-period>60</max-cache-miss-period>
               <min-cache-miss-period>1</min-cache-miss-period>
               <cache-load-factor>0.75</cache-load-factor>
            </cache-policy-conf>
         </container-cache-conf>
         <container-pool-conf>
            <MaximumSize>100</MaximumSize>
         </container-pool-conf>
         <commit-option>B</commit-option>
      </container-configuration>

      <container-configuration>
         <container-name>Standard CMP 2.x EntityBean with cache invalidation</container-name>
         <call-logging>false</call-logging>
         <invoker-proxy-binding-name>entity-rmi-invoker</invoker-proxy-binding-name>
         <container-interceptors>
            <interceptor>org.jboss.ejb.plugins.ProxyFactoryFinderInterceptor</interceptor>
            <interceptor>org.jboss.ejb.plugins.LogInterceptor</interceptor>
            <interceptor>org.jboss.ejb.plugins.SecurityInterceptor</interceptor>
            <interceptor>org.jboss.ejb.plugins.TxInterceptorCMT</interceptor>
            <interceptor metricsEnabled="true">org.jboss.ejb.plugins.MetricsInterceptor</interceptor>
            <interceptor>org.jboss.ejb.plugins.EntityCreationInterceptor</interceptor>
            <interceptor>org.jboss.ejb.plugins.EntityLockInterceptor</interceptor>
            <interceptor>org.jboss.ejb.plugins.EntityInstanceInterceptor</interceptor>
            <interceptor>org.jboss.ejb.plugins.EntityReentranceInterceptor</interceptor>
            <interceptor>org.jboss.resource.connectionmanager.CachedConnectionInterceptor</interceptor>
            <interceptor>org.jboss.ejb.plugins.EntitySynchronizationInterceptor</interceptor>
            <interceptor>org.jboss.cache.invalidation.triggers.EntityBeanCacheBatchInvalidatorInterceptor</interceptor>
            <interceptor>org.jboss.ejb.plugins.cmp.jdbc.JDBCRelationInterceptor</interceptor>
         </container-interceptors>
         <instance-pool>org.jboss.ejb.plugins.EntityInstancePool</instance-pool>
         <instance-cache>org.jboss.ejb.plugins.InvalidableEntityInstanceCache</instance-cache>
         <persistence-manager>org.jboss.ejb.plugins.cmp.jdbc.JDBCStoreManager</persistence-manager>
         <locking-policy>org.jboss.ejb.plugins.lock.QueuedPessimisticEJBLock</locking-policy>
         <container-cache-conf>
            <cache-policy>org.jboss.ejb.plugins.LRUEnterpriseContextCachePolicy</cache-policy>
            <cache-policy-conf>
               <min-capacity>50</min-capacity>
               <max-capacity>1000000</max-capacity>
               <overager-period>300</overager-period>
               <max-bean-age>600</max-bean-age>
               <resizer-period>400</resizer-period>
               <max-cache-miss-period>60</max-cache-miss-period>
               <min-cache-miss-period>1</min-cache-miss-period>
               <cache-load-factor>0.75</cache-load-factor>
            </cache-policy-conf>
         </container-cache-conf>
         <container-pool-conf>
            <MaximumSize>100</MaximumSize>
         </container-pool-conf>
         <commit-option>A</commit-option>
      </container-configuration>

      <container-configuration>
         <container-name>Instance Per Transaction CMP 2.x EntityBean</container-name>
         <call-logging>false</call-logging>
         <invoker-proxy-binding-name>entity-rmi-invoker</invoker-proxy-binding-name>
         <sync-on-commit-only>false</sync-on-commit-only>
         <container-interceptors>
            <interceptor>org.jboss.ejb.plugins.ProxyFactoryFinderInterceptor</interceptor>
            <interceptor>org.jboss.ejb.plugins.LogInterceptor</interceptor>
            <interceptor>org.jboss.ejb.plugins.SecurityInterceptor</interceptor>
            <interceptor>org.jboss.ejb.plugins.TxInterceptorCMT</interceptor>
            <interceptor metricsEnabled="true">org.jboss.ejb.plugins.MetricsInterceptor</interceptor>
            <interceptor>org.jboss.ejb.plugins.EntityCreationInterceptor</interceptor>
            <interceptor>org.jboss.ejb.plugins.EntityLockInterceptor</interceptor>
            <interceptor>org.jboss.ejb.plugins.EntityMultiInstanceInterceptor</interceptor>
            <interceptor>org.jboss.ejb.plugins.EntityReentranceInterceptor</interceptor>
            <interceptor>org.jboss.resource.connectionmanager.CachedConnectionInterceptor</interceptor>
            <interceptor>org.jboss.ejb.plugins.EntityMultiInstanceSynchronizationInterceptor</interceptor>
            <interceptor>org.jboss.ejb.plugins.cmp.jdbc.JDBCRelationInterceptor</interceptor>
         </container-interceptors>
         <instance-pool>org.jboss.ejb.plugins.EntityInstancePool</instance-pool>
         <instance-cache>org.jboss.ejb.plugins.EntityInstanceCache</instance-cache>
         <persistence-manager>org.jboss.ejb.plugins.cmp.jdbc.JDBCStoreManager</persistence-manager>
         <locking-policy>org.jboss.ejb.plugins.lock.NoLock</locking-policy>
         <container-cache-conf>
            <cache-policy>org.jboss.ejb.plugins.LRUEnterpriseContextCachePolicy</cache-policy>
            <cache-policy-conf>
               <min-capacity>50</min-capacity>
               <max-capacity>1000000</max-capacity>
               <overager-period>300</overager-period>
               <max-bean-age>600</max-bean-age>
               <resizer-period>400</resizer-period>
               <max-cache-miss-period>60</max-cache-miss-period>
               <min-cache-miss-period>1</min-cache-miss-period>
               <cache-load-factor>0.75</cache-load-factor>
            </cache-policy-conf>
         </container-cache-conf>
         <container-pool-conf>
            <MaximumSize>100</MaximumSize>
         </container-pool-conf>
         <commit-option>B</commit-option>
      </container-configuration>

      <container-configuration>
         <container-name>Standard CMP EntityBean</container-name>
         <call-logging>false</call-logging>
         <invoker-proxy-binding-name>entity-rmi-invoker</invoker-proxy-binding-name>
         <sync-on-commit-only>false</sync-on-commit-only>
         <container-interceptors>
            <interceptor>org.jboss.ejb.plugins.ProxyFactoryFinderInterceptor</interceptor>
            <interceptor>org.jboss.ejb.plugins.LogInterceptor</interceptor>
            <interceptor>org.jboss.ejb.plugins.SecurityInterceptor</interceptor>
            <interceptor>org.jboss.ejb.plugins.TxInterceptorCMT</interceptor>
            <interceptor metricsEnabled="true">org.jboss.ejb.plugins.MetricsInterceptor</interceptor>
            <interceptor>org.jboss.ejb.plugins.EntityCreationInterceptor</interceptor>
            <interceptor>org.jboss.ejb.plugins.EntityLockInterceptor</interceptor>
            <interceptor>org.jboss.ejb.plugins.EntityInstanceInterceptor</interceptor>
            <interceptor>org.jboss.ejb.plugins.EntityReentranceInterceptor</interceptor>
            <interceptor>org.jboss.resource.connectionmanager.CachedConnectionInterceptor</interceptor>
            <interceptor>org.jboss.ejb.plugins.EntitySynchronizationInterceptor</interceptor>
         </container-interceptors>
         <instance-pool>org.jboss.ejb.plugins.EntityInstancePool</instance-pool>
         <instance-cache>org.jboss.ejb.plugins.EntityInstanceCache</instance-cache>
         <persistence-manager>org.jboss.ejb.plugins.jaws.JAWSPersistenceManager</persistence-manager>
         <locking-policy>org.jboss.ejb.plugins.lock.QueuedPessimisticEJBLock</locking-policy>
         <container-cache-conf>
            <cache-policy>org.jboss.ejb.plugins.LRUEnterpriseContextCachePolicy</cache-policy>
            <cache-policy-conf>
               <min-capacity>50</min-capacity>
               <max-capacity>1000000</max-capacity>
               <overager-period>300</overager-period>
               <max-bean-age>600</max-bean-age>
               <resizer-period>400</resizer-period>
               <max-cache-miss-period>60</max-cache-miss-period>
               <min-cache-miss-period>1</min-cache-miss-period>
               <cache-load-factor>0.75</cache-load-factor>
            </cache-policy-conf>
         </container-cache-conf>
         <container-pool-conf>
            <MaximumSize>100</MaximumSize>
         </container-pool-conf>
         <commit-option>A</commit-option>
      </container-configuration>

      <container-configuration>
         <container-name>Clustered CMP EntityBean</container-name>
         <call-logging>false</call-logging>
         <invoker-proxy-binding-name>clustered-entity-rmi-invoker</invoker-proxy-binding-name>
         <sync-on-commit-only>false</sync-on-commit-only>
         <container-interceptors>
            <interceptor>org.jboss.ejb.plugins.ProxyFactoryFinderInterceptor</interceptor>
            <interceptor>org.jboss.ejb.plugins.CleanShutdownInterceptor</interceptor>
            <interceptor>org.jboss.ejb.plugins.LogInterceptor</interceptor>
            <interceptor>org.jboss.ejb.plugins.SecurityInterceptor</interceptor>
            <interceptor>org.jboss.ejb.plugins.TxInterceptorCMT</interceptor>
            <interceptor metricsEnabled="true">org.jboss.ejb.plugins.MetricsInterceptor</interceptor>
            <interceptor>org.jboss.ejb.plugins.EntityCreationInterceptor</interceptor>
            <interceptor>org.jboss.ejb.plugins.EntityLockInterceptor</interceptor>
            <interceptor>org.jboss.ejb.plugins.EntityInstanceInterceptor</interceptor>
            <interceptor>org.jboss.ejb.plugins.EntityReentranceInterceptor</interceptor>
            <interceptor>org.jboss.resource.connectionmanager.CachedConnectionInterceptor</interceptor>
            <interceptor>org.jboss.ejb.plugins.EntitySynchronizationInterceptor</interceptor>
         </container-interceptors>
         <instance-pool>org.jboss.ejb.plugins.EntityInstancePool</instance-pool>
         <instance-cache>org.jboss.ejb.plugins.EntityInstanceCache</instance-cache>
         <persistence-manager>org.jboss.ejb.plugins.jaws.JAWSPersistenceManager</persistence-manager>
         <locking-policy>org.jboss.ejb.plugins.lock.QueuedPessimisticEJBLock</locking-policy>
         <container-cache-conf>
            <cache-policy>org.jboss.ejb.plugins.LRUEnterpriseContextCachePolicy</cache-policy>
            <cache-policy-conf>
               <min-capacity>50</min-capacity>
               <max-capacity>1000000</max-capacity>
               <overager-period>300</overager-period>
               <max-bean-age>600</max-bean-age>
               <resizer-period>400</resizer-period>
               <max-cache-miss-period>60</max-cache-miss-period>
               <min-cache-miss-period>1</min-cache-miss-period>
               <cache-load-factor>0.75</cache-load-factor>
            </cache-policy-conf>
         </container-cache-conf>
         <container-pool-conf>
            <MaximumSize>100</MaximumSize>
         </container-pool-conf>
         <commit-option>A</commit-option>
      </container-configuration>

      <container-configuration>
         <container-name>Instance Per Transaction CMP EntityBean</container-name>
         <call-logging>false</call-logging>
         <invoker-proxy-binding-name>entity-rmi-invoker</invoker-proxy-binding-name>
         <sync-on-commit-only>false</sync-on-commit-only>
         <container-interceptors>
            <interceptor>org.jboss.ejb.plugins.ProxyFactoryFinderInterceptor</interceptor>
            <interceptor>org.jboss.ejb.plugins.LogInterceptor</interceptor>
            <interceptor>org.jboss.ejb.plugins.SecurityInterceptor</interceptor>
            <interceptor>org.jboss.ejb.plugins.TxInterceptorCMT</interceptor>
            <interceptor metricsEnabled="true">org.jboss.ejb.plugins.MetricsInterceptor</interceptor>
            <interceptor>org.jboss.ejb.plugins.EntityCreationInterceptor</interceptor>
            <interceptor>org.jboss.ejb.plugins.EntityLockInterceptor</interceptor>
            <interceptor>org.jboss.ejb.plugins.EntityMultiInstanceInterceptor</interceptor>
            <interceptor>org.jboss.ejb.plugins.EntityReentranceInterceptor</interceptor>
            <interceptor>org.jboss.resource.connectionmanager.CachedConnectionInterceptor</interceptor>
            <interceptor>org.jboss.ejb.plugins.EntityMultiInstanceSynchronizationInterceptor</interceptor>
         </container-interceptors>
         <instance-pool>org.jboss.ejb.plugins.EntityInstancePool</instance-pool>
         <instance-cache>org.jboss.ejb.plugins.EntityInstanceCache</instance-cache>
         <persistence-manager>org.jboss.ejb.plugins.jaws.JAWSPersistenceManager</persistence-manager>
         <locking-policy>org.jboss.ejb.plugins.lock.NoLock</locking-policy>
         <container-cache-conf>
            <cache-policy>org.jboss.ejb.plugins.LRUEnterpriseContextCachePolicy</cache-policy>
            <cache-policy-conf>
               <min-capacity>50</min-capacity>
               <max-capacity>1000000</max-capacity>
               <overager-period>300</overager-period>
               <max-bean-age>600</max-bean-age>
               <resizer-period>400</resizer-period>
               <max-cache-miss-period>60</max-cache-miss-period>
               <min-cache-miss-period>1</min-cache-miss-period>
               <cache-load-factor>0.75</cache-load-factor>
            </cache-policy-conf>
         </container-cache-conf>
         <container-pool-conf>
            <MaximumSize>100</MaximumSize>
         </container-pool-conf>
         <commit-option>B</commit-option>
      </container-configuration>

      <container-configuration>
         <container-name>Standard Stateless SessionBean</container-name>
         <call-logging>false</call-logging>
         <invoker-proxy-binding-name>stateless-rmi-invoker</invoker-proxy-binding-name>
         <container-interceptors>
            <interceptor>org.jboss.ejb.plugins.ProxyFactoryFinderInterceptor</interceptor>
            <interceptor>org.jboss.ejb.plugins.LogInterceptor</interceptor>
            <interceptor>org.jboss.ejb.plugins.SecurityInterceptor</interceptor>
            <!-- CMT -->
            <interceptor transaction="Container">org.jboss.ejb.plugins.TxInterceptorCMT</interceptor>
            <interceptor transaction="Container" metricsEnabled="true">org.jboss.ejb.plugins.MetricsInterceptor</interceptor>
            <interceptor transaction="Container">org.jboss.ejb.plugins.StatelessSessionInstanceInterceptor</interceptor>
            <!-- BMT -->
            <interceptor transaction="Bean">org.jboss.ejb.plugins.StatelessSessionInstanceInterceptor</interceptor>
            <interceptor transaction="Bean">org.jboss.ejb.plugins.TxInterceptorBMT</interceptor>
            <interceptor transaction="Bean" metricsEnabled="true">org.jboss.ejb.plugins.MetricsInterceptor</interceptor>
            <interceptor>org.jboss.resource.connectionmanager.CachedConnectionInterceptor</interceptor>
         </container-interceptors>
         <instance-pool>org.jboss.ejb.plugins.StatelessSessionInstancePool</instance-pool>
         <instance-cache></instance-cache>
         <persistence-manager></persistence-manager>
         <container-pool-conf>
            <MaximumSize>100</MaximumSize>
         </container-pool-conf>
      </container-configuration>

      <container-configuration>
         <container-name>Clustered Stateless SessionBean</container-name>
         <call-logging>false</call-logging>
         <invoker-proxy-binding-name>clustered-stateless-rmi-invoker</invoker-proxy-binding-name>
         <container-interceptors>
            <interceptor>org.jboss.ejb.plugins.ProxyFactoryFinderInterceptor</interceptor>
            <interceptor>org.jboss.ejb.plugins.CleanShutdownInterceptor</interceptor>
            <interceptor>org.jboss.ejb.plugins.LogInterceptor</interceptor>
            <interceptor>org.jboss.ejb.plugins.SecurityInterceptor</interceptor>
            <!-- CMT -->
            <interceptor transaction="Container">org.jboss.ejb.plugins.TxInterceptorCMT</interceptor>
            <interceptor transaction="Container" metricsEnabled="true">org.jboss.ejb.plugins.MetricsInterceptor</interceptor>
            <interceptor transaction="Container">org.jboss.ejb.plugins.StatelessSessionInstanceInterceptor</interceptor>
            <!-- BMT -->
            <interceptor transaction="Bean">org.jboss.ejb.plugins.StatelessSessionInstanceInterceptor</interceptor>
            <interceptor transaction="Bean">org.jboss.ejb.plugins.TxInterceptorBMT</interceptor>
            <interceptor transaction="Bean" metricsEnabled="true">org.jboss.ejb.plugins.MetricsInterceptor</interceptor>
            <interceptor>org.jboss.resource.connectionmanager.CachedConnectionInterceptor</interceptor>
         </container-interceptors>
         <instance-pool>org.jboss.ejb.plugins.StatelessSessionInstancePool</instance-pool>
         <instance-cache></instance-cache>
         <persistence-manager></persistence-manager>
         <container-pool-conf>
            <MaximumSize>100</MaximumSize>
         </container-pool-conf>
      </container-configuration>


      <container-configuration>
         <container-name>Standard Stateful SessionBean</container-name>
         <call-logging>false</call-logging>
         <invoker-proxy-binding-name>stateful-rmi-invoker</invoker-proxy-binding-name>
         <container-interceptors>
            <interceptor>org.jboss.ejb.plugins.ProxyFactoryFinderInterceptor</interceptor>
            <interceptor>org.jboss.ejb.plugins.LogInterceptor</interceptor>
            <!-- CMT -->
            <interceptor transaction="Container">org.jboss.ejb.plugins.TxInterceptorCMT</interceptor>
            <interceptor transaction="Container" metricsEnabled="true">org.jboss.ejb.plugins.MetricsInterceptor</interceptor>
            <interceptor transaction="Container">org.jboss.ejb.plugins.StatefulSessionInstanceInterceptor</interceptor>
            <!-- BMT -->
            <interceptor transaction="Bean">org.jboss.ejb.plugins.StatefulSessionInstanceInterceptor</interceptor>
            <interceptor transaction="Bean">org.jboss.ejb.plugins.TxInterceptorBMT</interceptor>
            <interceptor transaction="Bean" metricsEnabled="true">org.jboss.ejb.plugins.MetricsInterceptor</interceptor>
            <interceptor>org.jboss.resource.connectionmanager.CachedConnectionInterceptor</interceptor>
            <interceptor>org.jboss.ejb.plugins.SecurityInterceptor</interceptor>
         </container-interceptors>
         <instance-cache>org.jboss.ejb.plugins.StatefulSessionInstanceCache</instance-cache>
         <persistence-manager>org.jboss.ejb.plugins.StatefulSessionFilePersistenceManager</persistence-manager>
         <container-cache-conf>
            <cache-policy>org.jboss.ejb.plugins.LRUStatefulContextCachePolicy</cache-policy>
            <cache-policy-conf>
               <min-capacity>50</min-capacity>
               <max-capacity>1000000</max-capacity>
               <remover-period>1800</remover-period>
               <max-bean-life>1800</max-bean-life>
               <overager-period>300</overager-period>
               <max-bean-age>600</max-bean-age>
               <resizer-period>400</resizer-period>
               <max-cache-miss-period>60</max-cache-miss-period>
               <min-cache-miss-period>1</min-cache-miss-period>
               <cache-load-factor>0.75</cache-load-factor>
            </cache-policy-conf>
         </container-cache-conf>
         <container-pool-conf>
            <MaximumSize>100</MaximumSize>
         </container-pool-conf>
      </container-configuration>

      <container-configuration>
         <container-name>Clustered Stateful SessionBean</container-name>
         <call-logging>false</call-logging>
         <invoker-proxy-binding-name>clustered-stateful-rmi-invoker</invoker-proxy-binding-name>
         <container-interceptors>
            <interceptor>org.jboss.ejb.plugins.ProxyFactoryFinderInterceptor</interceptor>
            <interceptor>org.jboss.ejb.plugins.CleanShutdownInterceptor</interceptor>
            <interceptor>org.jboss.ejb.plugins.LogInterceptor</interceptor>
            <!-- CMT -->
            <interceptor transaction="Container">org.jboss.ejb.plugins.TxInterceptorCMT</interceptor>
            <interceptor transaction="Container" metricsEnabled="true">org.jboss.ejb.plugins.MetricsInterceptor</interceptor>
            <interceptor transaction="Container">org.jboss.ejb.plugins.StatefulSessionInstanceInterceptor</interceptor>
            <!-- BMT -->
            <interceptor transaction="Bean">org.jboss.ejb.plugins.StatefulSessionInstanceInterceptor</interceptor>
            <interceptor transaction="Bean">org.jboss.ejb.plugins.TxInterceptorBMT</interceptor>
            <interceptor transaction="Bean" metricsEnabled="true">org.jboss.ejb.plugins.MetricsInterceptor</interceptor>
            <interceptor>org.jboss.ejb.plugins.SecurityInterceptor</interceptor>
            <interceptor>org.jboss.resource.connectionmanager.CachedConnectionInterceptor</interceptor>
            <interceptor>org.jboss.ejb.plugins.StatefulHASessionSynchronisationInterceptor</interceptor>
         </container-interceptors>
         <instance-cache>org.jboss.ejb.plugins.StatefulHASessionInstanceCache</instance-cache>
         <persistence-manager>org.jboss.ejb.plugins.StatefulHASessionPersistenceManager</persistence-manager>
         <container-cache-conf>
            <cache-policy>org.jboss.ejb.plugins.LRUStatefulContextCachePolicy</cache-policy>
            <cache-policy-conf>
               <min-capacity>50</min-capacity>
               <max-capacity>1000000</max-capacity>
               <remover-period>1800</remover-period>
               <max-bean-life>1800</max-bean-life>
               <overager-period>300</overager-period>
               <max-bean-age>600</max-bean-age>
               <resizer-period>400</resizer-period>
               <max-cache-miss-period>60</max-cache-miss-period>
               <min-cache-miss-period>1</min-cache-miss-period>
               <cache-load-factor>0.75</cache-load-factor>
            </cache-policy-conf>
         </container-cache-conf>
         <container-pool-conf>
            <MaximumSize>100</MaximumSize>
         </container-pool-conf>
      </container-configuration>

      <container-configuration>
         <container-name>Standard BMP EntityBean</container-name>
         <call-logging>false</call-logging>
         <invoker-proxy-binding-name>entity-rmi-invoker</invoker-proxy-binding-name>
         <sync-on-commit-only>false</sync-on-commit-only>
         <container-interceptors>
            <interceptor>org.jboss.ejb.plugins.ProxyFactoryFinderInterceptor</interceptor>
            <interceptor>org.jboss.ejb.plugins.LogInterceptor</interceptor>
            <interceptor>org.jboss.ejb.plugins.SecurityInterceptor</interceptor>
            <interceptor>org.jboss.ejb.plugins.TxInterceptorCMT</interceptor>
            <interceptor metricsEnabled="true">org.jboss.ejb.plugins.MetricsInterceptor</interceptor>
            <interceptor>org.jboss.ejb.plugins.EntityCreationInterceptor</interceptor>
            <interceptor>org.jboss.ejb.plugins.EntityLockInterceptor</interceptor>
            <interceptor>org.jboss.ejb.plugins.EntityInstanceInterceptor</interceptor>
            <interceptor>org.jboss.ejb.plugins.EntityReentranceInterceptor</interceptor>
            <interceptor>org.jboss.resource.connectionmanager.CachedConnectionInterceptor</interceptor>
            <interceptor>org.jboss.ejb.plugins.EntitySynchronizationInterceptor</interceptor>
         </container-interceptors>
         <instance-pool>org.jboss.ejb.plugins.EntityInstancePool</instance-pool>
         <instance-cache>org.jboss.ejb.plugins.EntityInstanceCache</instance-cache>
         <persistence-manager>org.jboss.ejb.plugins.BMPPersistenceManager</persistence-manager>
         <locking-policy>org.jboss.ejb.plugins.lock.QueuedPessimisticEJBLock</locking-policy>
         <container-cache-conf>
            <cache-policy>org.jboss.ejb.plugins.LRUEnterpriseContextCachePolicy</cache-policy>
            <cache-policy-conf>
               <min-capacity>50</min-capacity>
               <max-capacity>1000000</max-capacity>
               <overager-period>300</overager-period>
               <max-bean-age>600</max-bean-age>
               <resizer-period>400</resizer-period>
               <max-cache-miss-period>60</max-cache-miss-period>
               <min-cache-miss-period>1</min-cache-miss-period>
               <cache-load-factor>0.75</cache-load-factor>
            </cache-policy-conf>
         </container-cache-conf>
         <container-pool-conf>
            <MaximumSize>100</MaximumSize>
         </container-pool-conf>
         <commit-option>A</commit-option>
      </container-configuration>

      <container-configuration>
         <container-name>Clustered BMP EntityBean</container-name>
         <invoker-proxy-binding-name>clustered-entity-rmi-invoker</invoker-proxy-binding-name>
         <call-logging>false</call-logging>
         <sync-on-commit-only>false</sync-on-commit-only>
         <container-interceptors>
            <interceptor>org.jboss.ejb.plugins.ProxyFactoryFinderInterceptor</interceptor>
            <interceptor>org.jboss.ejb.plugins.CleanShutdownInterceptor</interceptor>
            <interceptor>org.jboss.ejb.plugins.LogInterceptor</interceptor>
            <interceptor>org.jboss.ejb.plugins.SecurityInterceptor</interceptor>
            <interceptor>org.jboss.ejb.plugins.TxInterceptorCMT</interceptor>
            <interceptor metricsEnabled="true">org.jboss.ejb.plugins.MetricsInterceptor</interceptor>
            <interceptor>org.jboss.ejb.plugins.EntityCreationInterceptor</interceptor>
            <interceptor>org.jboss.ejb.plugins.EntityLockInterceptor</interceptor>
            <interceptor>org.jboss.ejb.plugins.EntityInstanceInterceptor</interceptor>
            <interceptor>org.jboss.ejb.plugins.EntityReentranceInterceptor</interceptor>
            <interceptor>org.jboss.resource.connectionmanager.CachedConnectionInterceptor</interceptor>
            <interceptor>org.jboss.ejb.plugins.EntitySynchronizationInterceptor</interceptor>
         </container-interceptors>
         <instance-pool>org.jboss.ejb.plugins.EntityInstancePool</instance-pool>
         <instance-cache>org.jboss.ejb.plugins.EntityInstanceCache</instance-cache>
         <persistence-manager>org.jboss.ejb.plugins.BMPPersistenceManager</persistence-manager>
         <locking-policy>org.jboss.ejb.plugins.lock.QueuedPessimisticEJBLock</locking-policy>
         <container-cache-conf>
            <cache-policy>org.jboss.ejb.plugins.LRUEnterpriseContextCachePolicy</cache-policy>
            <cache-policy-conf>
               <min-capacity>50</min-capacity>
               <max-capacity>1000000</max-capacity>
               <overager-period>300</overager-period>
               <max-bean-age>600</max-bean-age>
               <resizer-period>400</resizer-period>
               <max-cache-miss-period>60</max-cache-miss-period>
               <min-cache-miss-period>1</min-cache-miss-period>
               <cache-load-factor>0.75</cache-load-factor>
            </cache-policy-conf>
         </container-cache-conf>
         <container-pool-conf>
            <MaximumSize>100</MaximumSize>
         </container-pool-conf>
         <commit-option>A</commit-option>
      </container-configuration>

      <container-configuration>
         <container-name>Instance Per Transaction BMP EntityBean</container-name>
         <call-logging>false</call-logging>
         <invoker-proxy-binding-name>entity-rmi-invoker</invoker-proxy-binding-name>
         <sync-on-commit-only>false</sync-on-commit-only>
         <container-interceptors>
            <interceptor>org.jboss.ejb.plugins.ProxyFactoryFinderInterceptor</interceptor>
            <interceptor>org.jboss.ejb.plugins.LogInterceptor</interceptor>
            <interceptor>org.jboss.ejb.plugins.SecurityInterceptor</interceptor>
            <interceptor>org.jboss.ejb.plugins.TxInterceptorCMT</interceptor>
            <interceptor metricsEnabled="true">org.jboss.ejb.plugins.MetricsInterceptor</interceptor>
            <interceptor>org.jboss.ejb.plugins.EntityCreationInterceptor</interceptor>
            <interceptor>org.jboss.ejb.plugins.EntityLockInterceptor</interceptor>
            <interceptor>org.jboss.ejb.plugins.EntityMultiInstanceInterceptor</interceptor>
            <interceptor>org.jboss.ejb.plugins.EntityReentranceInterceptor</interceptor>
            <interceptor>org.jboss.resource.connectionmanager.CachedConnectionInterceptor</interceptor>
            <interceptor>org.jboss.ejb.plugins.EntityMultiInstanceSynchronizationInterceptor</interceptor>
         </container-interceptors>
         <instance-pool>org.jboss.ejb.plugins.EntityInstancePool</instance-pool>
         <instance-cache>org.jboss.ejb.plugins.EntityInstanceCache</instance-cache>
         <persistence-manager>org.jboss.ejb.plugins.BMPPersistenceManager</persistence-manager>
         <locking-policy>org.jboss.ejb.plugins.lock.NoLock</locking-policy>
         <container-cache-conf>
            <cache-policy>org.jboss.ejb.plugins.LRUEnterpriseContextCachePolicy</cache-policy>
            <cache-policy-conf>
               <min-capacity>50</min-capacity>
               <max-capacity>1000000</max-capacity>
               <overager-period>300</overager-period>
               <max-bean-age>600</max-bean-age>
               <resizer-period>400</resizer-period>
               <max-cache-miss-period>60</max-cache-miss-period>
               <min-cache-miss-period>1</min-cache-miss-period>
               <cache-load-factor>0.75</cache-load-factor>
            </cache-policy-conf>
         </container-cache-conf>
         <container-pool-conf>
            <MaximumSize>100</MaximumSize>
         </container-pool-conf>
         <commit-option>B</commit-option>
      </container-configuration>

      <container-configuration>
         <container-name>Standard Message Driven Bean</container-name>
         <call-logging>false</call-logging>
         <invoker-proxy-binding-name>message-driven-bean</invoker-proxy-binding-name>
         <container-interceptors>
            <interceptor>org.jboss.ejb.plugins.ProxyFactoryFinderInterceptor</interceptor>
            <interceptor>org.jboss.ejb.plugins.LogInterceptor</interceptor>
            <interceptor>org.jboss.ejb.plugins.RunAsSecurityInterceptor</interceptor>
            <!-- CMT -->
            <interceptor transaction="Container">org.jboss.ejb.plugins.TxInterceptorCMT</interceptor>
            <interceptor transaction="Container" metricsEnabled="true">org.jboss.ejb.plugins.MetricsInterceptor</interceptor>
            <interceptor transaction="Container">org.jboss.ejb.plugins.MessageDrivenInstanceInterceptor</interceptor>
            <!-- BMT -->
            <interceptor transaction="Bean">org.jboss.ejb.plugins.MessageDrivenInstanceInterceptor</interceptor>
            <interceptor transaction="Bean">org.jboss.ejb.plugins.MessageDrivenTxInterceptorBMT</interceptor>
            <interceptor transaction="Bean" metricsEnabled="true">org.jboss.ejb.plugins.MetricsInterceptor</interceptor>
            <interceptor>org.jboss.resource.connectionmanager.CachedConnectionInterceptor</interceptor>
         </container-interceptors>
         <instance-pool>org.jboss.ejb.plugins.MessageDrivenInstancePool</instance-pool>
         <instance-cache></instance-cache>
         <persistence-manager></persistence-manager>
         <container-pool-conf>
            <MaximumSize>100</MaximumSize>
         </container-pool-conf>
      </container-configuration>

   </container-configurations>

</jboss>
