<?xml version = "1.0" encoding = "UTF-8"?>
<id-map>
	<entry path = "e:jbosscmp-jdbc" id = "comp00001" width = "279" height = "213"/>
	<entry path = "e:defaults" id = "comp00002" width = "273" height = "528"/>
	<entry path = "e:datasource" id = "comp00003" width = "84" height = "38"/>
	<entry path = "e:datasource-mapping" id = "comp00004" width = "129" height = "38"/>
	<entry path = "e:create-table" id = "comp00005" width = "89" height = "38"/>
	<entry path = "e:remove-table" id = "comp00006" width = "95" height = "38"/>
	<entry path = "e:read-only" id = "comp00007" width = "77" height = "38"/>
	<entry path = "e:read-time-out" id = "comp00008" width = "96" height = "38"/>
	<entry path = "e:row-locking" id = "comp00009" width = "85" height = "38"/>
	<entry path = "e:fk-constraint" id = "comp00010" width = "88" height = "38"/>
	<entry path = "e:pk-constraint" id = "comp00011" width = "91" height = "38"/>
	<entry path = "e:preferred-relation-mapping" id = "comp00012" width = "159" height = "38"/>
	<entry path = "e:read-ahead" id = "comp00013" width = "233" height = "108"/>
	<entry path = "e:strategy" id = "comp00014" width = "69" height = "38"/>
	<entry path = "e:page-size" id = "comp00015" width = "78" height = "38"/>
	<entry path = "e:list-cache-max" id = "comp00016" width = "100" height = "38"/>
	<entry path = "e:fetch-size" id = "comp00017" width = "77" height = "38"/>
	<entry path = "e:enterprise-beans" id = "comp00018" width = "201" height = "38"/>
	<entry path = "e:entity" id = "comp00019" width = "262" height = "773"/>
	<entry path = "e:ejb-name" id = "comp00020" width = "78" height = "38"/>
	<entry path = "e:table-name" id = "comp00021" width = "87" height = "38"/>
	<entry path = "e:cmp-field" id = "comp00022" width = "269" height = "318"/>
	<entry path = "e:field-name" id = "comp00023" width = "84" height = "38"/>
	<entry path = "e:column-name" id = "comp00024" width = "98" height = "38"/>
	<entry path = "e:not-null" id = "comp00025" width = "69" height = "38"/>
	<entry path = "e:jdbc-type" id = "comp00026" width = "76" height = "38"/>
	<entry path = "e:sql-type" id = "comp00027" width = "69" height = "38"/>
	<entry path = "e:property" id = "comp00028" width = "221" height = "178"/>
	<entry path = "e:property-name" id = "comp00029" width = "101" height = "38"/>
	<entry path = "e:load-groups" id = "comp00030" width = "204" height = "38"/>
	<entry path = "e:load-group" id = "comp00031" width = "230" height = "108"/>
	<entry path = "e:load-group-name" id = "comp00032" width = "114" height = "38"/>
	<entry path = "e:eager-load-group" id = "comp00033" width = "114" height = "38"/>
	<entry path = "e:lazy-load-groups" id = "comp00034" width = "256" height = "38"/>
	<entry path = "e:description" id = "comp00035" width = "84" height = "38"/>
	<entry path = "e:query" id = "comp00036" width = "223" height = "213"/>
	<entry path = "e:query-method" id = "comp00037" width = "236" height = "73"/>
	<entry path = "e:method-name" id = "comp00038" width = "99" height = "38"/>
	<entry path = "e:method-params" id = "comp00039" width = "240" height = "38"/>
	<entry path = "e:method-param" id = "comp00040" width = "102" height = "38"/>
	<entry path = "e:jboss-ql" id = "comp00041" width = "68" height = "38"/>
	<entry path = "e:dynamic-ql" id = "comp00042" width = "85" height = "38"/>
	<entry path = "e:declared-sql" id = "comp00043" width = "183" height = "178"/>
	<entry path = "e:select" id = "comp00044" width = "218" height = "178"/>
	<entry path = "e:from" id = "comp00045" width = "54" height = "38"/>
	<entry path = "e:distinct" id = "comp00046" width = "66" height = "38"/>
	<entry path = "e:where" id = "comp00047" width = "61" height = "38"/>
	<entry path = "e:order" id = "comp00048" width = "57" height = "38"/>
	<entry path = "e:other" id = "comp00049" width = "57" height = "38"/>
	<entry path = "e:alias" id = "comp00050" width = "55" height = "38"/>
	<entry path = "e:additional-columns" id = "comp00051" width = "123" height = "38"/>
	<entry path = "e:relationships" id = "comp00052" width = "211" height = "38"/>
	<entry path = "e:ejb-relation" id = "comp00053" width = "302" height = "248"/>
	<entry path = "e:ejb-relation-name" id = "comp00054" width = "117" height = "38"/>
	<entry path = "e:foreign-key-mapping" id = "comp00055" width = "129" height = "38"/>
	<entry path = "e:relation-table-mapping" id = "comp00056" width = "344" height = "248"/>
	<entry path = "e:ejb-relationship-role" id = "comp00057" width = "316" height = "143"/>
	<entry path = "e:ejb-relationship-role-name" id = "comp00058" width = "157" height = "38"/>
	<entry path = "e:key-fields" id = "comp00059" width = "180" height = "38"/>
	<entry path = "e:key-field" id = "comp00060" width = "306" height = "178"/>
	<entry path = "e:dependent-value-classes" id = "comp00061" width = "318" height = "38"/>
	<entry path = "e:dependent-value-class" id = "comp00062" width = "254" height = "108"/>
	<entry path = "e:class" id = "comp00063" width = "55" height = "38"/>
	<entry path = "e:type-mappings" id = "comp00064" width = "232" height = "38"/>
	<entry path = "e:type-mapping" id = "comp00065" width = "266" height = "458"/>
	<entry path = "e:name" id = "comp00066" width = "60" height = "38"/>
	<entry path = "e:row-locking-template" id = "comp00067" width = "130" height = "38"/>
	<entry path = "e:pk-constraint-template" id = "comp00068" width = "136" height = "38"/>
	<entry path = "e:fk-constraint-template" id = "comp00069" width = "133" height = "38"/>
	<entry path = "e:alias-header-prefix" id = "comp00070" width = "120" height = "38"/>
	<entry path = "e:alias-header-suffix" id = "comp00071" width = "118" height = "38"/>
	<entry path = "e:alias-max-length" id = "comp00072" width = "111" height = "38"/>
	<entry path = "e:subquery-supported" id = "comp00073" width = "124" height = "38"/>
	<entry path = "e:true-mapping" id = "comp00074" width = "96" height = "38"/>
	<entry path = "e:false-mapping" id = "comp00075" width = "100" height = "38"/>
	<entry path = "e:mapping" id = "comp00076" width = "183" height = "108"/>
	<entry path = "e:java-type" id = "comp00077" width = "76" height = "38"/>
	<entry path = "e:function-mapping" id = "comp00078" width = "249" height = "73"/>
	<entry path = "e:function-name" id = "comp00079" width = "101" height = "38"/>
	<entry path = "e:function-sql" id = "comp00080" width = "87" height = "38"/>
	<entry path = "e:unknown-pk" id = "comp00081" width = "237" height = "283"/>
	<entry path = "e:unknown-pk-class" id = "comp00082" width = "112" height = "38"/>
	<entry path = "e:auto-increment" id = "comp00083" width = "104" height = "38"/>
	<entry path = "e:entity-commands" id = "comp00084" width = "254" height = "38"/>
	<entry path = "e:entity-command" id = "comp00085" width = "261" height = "81"/>
	<entry path = "e:entity-command/a:name" id = "comp00086" width = "60" height = "38"/>
	<entry path = "e:entity-command/a:class" id = "comp00087" width = "67" height = "38"/>
	<entry path = "e:attribute" id = "comp00088" width = "162" height = "48"/>
	<entry path = "e:attribute/a:name" id = "comp00089" width = "60" height = "38"/>
	<entry path = "e:optimistic-locking" id = "comp00090" width = "402" height = "388"/>
	<entry path = "e:group-name" id = "comp00091" width = "90" height = "38"/>
	<entry path = "e:modified-strategy" id = "comp00092" width = "114" height = "38"/>
	<entry path = "e:read-strategy" id = "comp00093" width = "93" height = "38"/>
	<entry path = "e:version-column" id = "comp00094" width = "104" height = "38"/>
	<entry path = "e:timestamp-column" id = "comp00095" width = "120" height = "38"/>
	<entry path = "e:field-type" id = "comp00096" width = "77" height = "38"/>
	<entry path = "e:key-generator-factory" id = "comp00097" width = "130" height = "38"/>
	<entry path = "e:audit" id = "comp00098" width = "185" height = "143"/>
	<entry path = "e:created-by" id = "comp00099" width = "232" height = "143"/>
	<entry path = "e:created-time" id = "comp00100" width = "242" height = "143"/>
	<entry path = "e:updated-by" id = "comp00101" width = "236" height = "143"/>
	<entry path = "e:updated-time" id = "comp00102" width = "246" height = "143"/>
</id-map>