<?xml version = "1.0" encoding = "UTF-8"?>
<id-map>
	<entry path = "e:policy" id = "comp00001" width = "210" height = "38"/>
	<entry path = "e:application-policy" id = "comp00002" width = "250" height = "81"/>
	<entry path = "e:application-policy/a:name" id = "comp00003" width = "60" height = "38"/>
	<entry path = "e:authentication" id = "comp00004" width = "229" height = "38"/>
	<entry path = "e:login-module" id = "comp00005" width = "230" height = "81"/>
	<entry path = "e:login-module/a:flag" id = "comp00006" width = "51" height = "38"/>
	<entry path = "e:login-module/a:code" id = "comp00007" width = "56" height = "38"/>
	<entry path = "e:module-option" id = "comp00008" width = "192" height = "48"/>
	<entry path = "e:module-option/a:name" id = "comp00009" width = "60" height = "38"/>
</id-map>