<?xml version="1.0" encoding="UTF-8"?>

<!-- ===================================================================== -->
<!--                                                                       -->
<!--  JBoss Server Configuration                                           -->
<!--                                                                       -->
<!-- ===================================================================== -->

<!-- $Id: mssql-ds.xml,v 1.1 2002/07/22 22:57:24 d_jencks Exp $ -->

  <!-- ======================================================================-->
  <!-- New ConnectionManager setup for Microsoft SQL Server 2000  driver     -->
  <!-- You may download the latest Microsoft JDBC driver from *Microsoft*    -->
  <!-- http://msdn.microsoft.com/downloads/default.asp?url=/downloads/sample.asp?url=/MSDN-FILES/027/001/779/msdncompositedoc.xml&frame=true -->
  <!-- ===================================================================== -->

<datasources>
  <local-tx-datasource>
    <jndi-name>MSSQLDS</jndi-name>
    <connection-url>jdbc:microsoft:sqlserver://localhost:1433;DatabaseName=MyDatabase</connection-url>
    <driver-class>com.microsoft.jdbc.sqlserver.SQLServerDriver</driver-class>
    <user-name>x</user-name>
    <password>y</password>
  </local-tx-datasource>

</datasources>
