<?xml version = "1.0" encoding = "UTF-8"?>
<id-map>
	<entry path = "e:jboss-web" id = "comp00001" width = "217" height = "248"/>
	<entry path = "e:class-loading" id = "comp00002" width = "315" height = "81"/>
	<entry path = "e:class-loading/a:java2ClassLoadingCompliance" id = "comp00003" width = "191" height = "38"/>
	<entry path = "e:loader-repository" id = "comp00004" width = "298" height = "81"/>
	<entry path = "e:loader-repository/a:loaderRepositoryClass" id = "comp00005" width = "148" height = "38"/>
	<entry path = "e:loader-repository-config" id = "comp00006" width = "300" height = "48"/>
	<entry path = "e:loader-repository-config/a:configParserClass" id = "comp00007" width = "127" height = "38"/>
	<entry path = "e:context-root" id = "comp00008" width = "88" height = "38"/>
	<entry path = "e:security-domain" id = "comp00009" width = "107" height = "38"/>
	<entry path = "e:virtual-host" id = "comp00010" width = "84" height = "38"/>
	<entry path = "e:resource-env-ref" id = "comp00011" width = "276" height = "73"/>
	<entry path = "e:resource-env-ref-name" id = "comp00012" width = "137" height = "38"/>
	<entry path = "e:resource-ref" id = "comp00013" width = "242" height = "108"/>
	<entry path = "e:res-ref-name" id = "comp00014" width = "91" height = "38"/>
	<entry path = "e:ejb-ref" id = "comp00015" width = "188" height = "73"/>
	<entry path = "e:ejb-ref-name" id = "comp00016" width = "93" height = "38"/>
	<entry path = "e:jndi-name" id = "comp00017" width = "81" height = "38"/>
	<entry path = "e:res-url" id = "comp00018" width = "61" height = "38"/>
</id-map>