<?xml version = "1.0" encoding = "UTF-8"?>
<id-map>
	<entry path = "e:datasources" id = "comp00001" width = "253" height = "108"/>
	<entry path = "e:no-tx-datasource" id = "comp00002" width = "356" height = "423"/>
	<entry path = "e:local-tx-datasource" id = "comp00003" width = "367" height = "458"/>
	<entry path = "e:jndi-name" id = "comp00004" width = "81" height = "38"/>
	<entry path = "e:connection-url" id = "comp00005" width = "100" height = "38"/>
	<entry path = "e:driver-class" id = "comp00006" width = "84" height = "38"/>
	<entry path = "e:transaction-isolation" id = "comp00007" width = "127" height = "38"/>
	<entry path = "e:user-name" id = "comp00008" width = "82" height = "38"/>
	<entry path = "e:password" id = "comp00009" width = "75" height = "38"/>
	<entry path = "e:application-managed-security" id = "comp00010" width = "172" height = "38"/>
	<entry path = "e:security-domain" id = "comp00011" width = "107" height = "38"/>
	<entry path = "e:min-pool-size" id = "comp00012" width = "96" height = "38"/>
	<entry path = "e:max-pool-size" id = "comp00013" width = "98" height = "38"/>
	<entry path = "e:blocking-timeout-millis" id = "comp00014" width = "139" height = "38"/>
	<entry path = "e:idle-timeout-minutes" id = "comp00015" width = "130" height = "38"/>
	<entry path = "e:xa-datasource" id = "comp00016" width = "344" height = "423"/>
	<entry path = "e:track-connection-by-tx" id = "comp00017" width = "134" height = "38"/>
	<entry path = "e:database-url" id = "comp00018" width = "91" height = "38"/>
	<entry path = "e:xa-datasource-class" id = "comp00019" width = "123" height = "38"/>
	<entry path = "e:xa-datasource-property" id = "comp00020" width = "229" height = "48"/>
	<entry path = "e:xa-datasource-property/a:name" id = "comp00021" width = "60" height = "38"/>
	<entry path = "e:connection-property" id = "comp00022" width = "216" height = "48"/>
	<entry path = "e:connection-property/a:name" id = "comp00023" width = "60" height = "38"/>
</id-map>